{
    "eng": {
        "maximal confidence": 0.7967981696128845,
        "count": 6
    },
    "bprint": {
        "maximal confidence": 0.8006778955459595,
        "count": 3
    }
}