{
    "eng": {
        "maximal confidence": 0.9593022465705872,
        "count": 2
    },
    "bprint": {
        "maximal confidence": 0.9644650220870972,
        "count": 9
    }
}