{
    "eng": {
        "maximal confidence": 0.7676771879196167,
        "count": 1
    },
    "wprint": {
        "maximal confidence": 0.8370265364646912,
        "count": 4
    }
}