{
    "eng": {
        "maximal confidence": 0.8938306570053101,
        "count": 7
    },
    "bprint": {
        "maximal confidence": 0.6461048126220703,
        "count": 1
    }
}