{
    "eng": {
        "maximal confidence": 0.9016249179840088,
        "count": 12
    },
    "bprint": {
        "maximal confidence": 0.5710135102272034,
        "count": 1
    }
}