{
    "eng": {
        "maximal confidence": 0.8738185167312622,
        "count": 5
    },
    "bprint": {
        "maximal confidence": 0.8487944006919861,
        "count": 6
    }
}