{
    "eng": {
        "maximal confidence": 0.9133531451225281,
        "count": 1
    },
    "bprint": {
        "maximal confidence": 0.978150486946106,
        "count": 23
    }
}