{
    "eng": {
        "maximal confidence": 0.7217042446136475,
        "count": 1
    },
    "bprint": {
        "maximal confidence": 0.6998541951179504,
        "count": 1
    },
    "wprint": {
        "maximal confidence": 0.9136099815368652,
        "count": 3
    }
}