{
    "eng": {
        "maximal confidence": 0.9684199094772339,
        "count": 2
    },
    "wprint": {
        "maximal confidence": 0.5483629703521729,
        "count": 1
    }
}