{
    "eng": {
        "maximal confidence": 0.9640277624130249,
        "count": 2
    },
    "bprint": {
        "maximal confidence": 0.9886813163757324,
        "count": 21
    }
}