{
    "eng": {
        "maximal confidence": 0.9617325067520142,
        "count": 7
    },
    "bprint": {
        "maximal confidence": 0.6360631585121155,
        "count": 1
    }
}