{
    "eng": {
        "maximal confidence": 0.7350044250488281,
        "count": 1
    },
    "bprint": {
        "maximal confidence": 0.879149317741394,
        "count": 9
    }
}