{
    "bprint": {
        "maximal confidence": 0.5271757245063782,
        "count": 1
    },
    "wprint": {
        "maximal confidence": 0.9796762466430664,
        "count": 5
    }
}