{
    "eng": {
        "maximal confidence": 0.9157267212867737,
        "count": 5
    },
    "wprint": {
        "maximal confidence": 0.5052469968795776,
        "count": 1
    }
}