{
    "bprint": {
        "maximal confidence": 0.5699930191040039,
        "count": 1
    },
    "wprint": {
        "maximal confidence": 0.7922826409339905,
        "count": 3
    }
}