{
    "eng": {
        "maximal confidence": 0.7153700590133667,
        "count": 1
    },
    "bprint": {
        "maximal confidence": 0.9055914878845215,
        "count": 2
    },
    "wprint": {
        "maximal confidence": 0.6722589135169983,
        "count": 1
    }
}