{
    "eng": {
        "maximal confidence": 0.9311716556549072,
        "count": 3
    },
    "bprint": {
        "maximal confidence": 0.9256515502929688,
        "count": 18
    }
}