{
    "eng": {
        "maximal confidence": 0.813832700252533,
        "count": 1
    },
    "bprint": {
        "maximal confidence": 0.9258922934532166,
        "count": 14
    }
}