{
    "bprint": {
        "maximal confidence": 0.5604001879692078,
        "count": 1
    },
    "wprint": {
        "maximal confidence": 0.5015042424201965,
        "count": 1
    }
}