{
    "eng": {
        "maximal confidence": 0.898558497428894,
        "count": 2
    },
    "bprint": {
        "maximal confidence": 0.9528357982635498,
        "count": 4
    }
}