{
    "eng": {
        "maximal confidence": 0.8761951923370361,
        "count": 4
    },
    "bprint": {
        "maximal confidence": 0.5239120125770569,
        "count": 1
    }
}