{
    "eng": {
        "maximal confidence": 0.9550396800041199,
        "count": 7
    },
    "bprint": {
        "maximal confidence": 0.6017919778823853,
        "count": 2
    }
}