{
    "eng": {
        "maximal confidence": 0.7233719825744629,
        "count": 1
    },
    "wprint": {
        "maximal confidence": 0.8075394034385681,
        "count": 2
    }
}