{
    "eng": {
        "maximal confidence": 0.9683161377906799,
        "count": 41
    },
    "bprint": {
        "maximal confidence": 0.5331035852432251,
        "count": 1
    }
}