{
    "eng": {
        "maximal confidence": 0.7432144284248352,
        "count": 1
    },
    "bprint": {
        "maximal confidence": 0.9760237336158752,
        "count": 8
    }
}