{
    "eng": {
        "maximal confidence": 0.8799444437026978,
        "count": 1
    },
    "bprint": {
        "maximal confidence": 0.5850454568862915,
        "count": 4
    }
}