{
    "bprint": {
        "maximal confidence": 0.5581987500190735,
        "count": 1
    },
    "wprint": {
        "maximal confidence": 0.9592390656471252,
        "count": 3
    }
}