{
    "eng": {
        "maximal confidence": 0.9697620868682861,
        "count": 30
    },
    "wprint": {
        "maximal confidence": 0.5016815662384033,
        "count": 1
    }
}