{
    "eng": {
        "maximal confidence": 0.9676529765129089,
        "count": 7
    },
    "bprint": {
        "maximal confidence": 0.6841270327568054,
        "count": 1
    }
}