{
    "eng": {
        "maximal confidence": 0.8022572994232178,
        "count": 2
    },
    "bprint": {
        "maximal confidence": 0.8957240581512451,
        "count": 4
    }
}