{
    "eng": {
        "maximal confidence": 0.971112847328186,
        "count": 22
    },
    "bprint": {
        "maximal confidence": 0.6536352038383484,
        "count": 1
    }
}