{
    "eng": {
        "maximal confidence": 0.9585940837860107,
        "count": 18
    },
    "bprint": {
        "maximal confidence": 0.6196196675300598,
        "count": 1
    }
}