{
    "eng": {
        "maximal confidence": 0.9193410277366638,
        "count": 5
    },
    "bprint": {
        "maximal confidence": 0.9315903782844543,
        "count": 10
    }
}