{
    "eng": {
        "maximal confidence": 0.9729979038238525,
        "count": 19
    },
    "bprint": {
        "maximal confidence": 0.6063469648361206,
        "count": 1
    }
}