{
    "eng": {
        "maximal confidence": 0.9877655506134033,
        "count": 22
    },
    "bprint": {
        "maximal confidence": 0.9050347805023193,
        "count": 1
    }
}