{
    "eng": {
        "maximal confidence": 0.9353824257850647,
        "count": 12
    },
    "bprint": {
        "maximal confidence": 0.8121082782745361,
        "count": 1
    }
}