{
    "eng": {
        "maximal confidence": 0.8746321797370911,
        "count": 1
    },
    "bprint": {
        "maximal confidence": 0.9051854610443115,
        "count": 7
    },
    "wprint": {
        "maximal confidence": 0.5363205075263977,
        "count": 1
    }
}