{
    "eng": {
        "maximal confidence": 0.7107312679290771,
        "count": 1
    },
    "bprint": {
        "maximal confidence": 0.9126352071762085,
        "count": 13
    }
}