{
    "eng": {
        "maximal confidence": 0.9806692004203796,
        "count": 20
    },
    "bprint": {
        "maximal confidence": 0.6578291058540344,
        "count": 1
    }
}