{
    "eng": {
        "maximal confidence": 0.7385330200195312,
        "count": 1
    },
    "wprint": {
        "maximal confidence": 0.676821768283844,
        "count": 1
    }
}