{
    "eng": {
        "maximal confidence": 0.9098711609840393,
        "count": 1
    },
    "bprint": {
        "maximal confidence": 0.5624026656150818,
        "count": 1
    },
    "wprint": {
        "maximal confidence": 0.6357607841491699,
        "count": 1
    }
}