{
    "eng": {
        "maximal confidence": 0.7511537671089172,
        "count": 2
    },
    "bprint": {
        "maximal confidence": 0.8336072564125061,
        "count": 6
    }
}