{
    "bprint": {
        "maximal confidence": 0.8857160806655884,
        "count": 5
    },
    "wprint": {
        "maximal confidence": 0.8979666829109192,
        "count": 3
    }
}