{
    "eng": {
        "maximal confidence": 0.9339742064476013,
        "count": 6
    },
    "bprint": {
        "maximal confidence": 0.5441511273384094,
        "count": 1
    }
}