{
    "eng": {
        "maximal confidence": 0.9705442190170288,
        "count": 22
    },
    "wprint": {
        "maximal confidence": 0.6993480920791626,
        "count": 1
    }
}