{
    "eng": {
        "maximal confidence": 0.9528267979621887,
        "count": 4
    },
    "bprint": {
        "maximal confidence": 0.7803738713264465,
        "count": 1
    },
    "wprint": {
        "maximal confidence": 0.5587237477302551,
        "count": 1
    }
}