{
    "eng": {
        "maximal confidence": 0.7553510665893555,
        "count": 1
    },
    "bprint": {
        "maximal confidence": 0.9466317892074585,
        "count": 15
    }
}