{
    "eng": {
        "maximal confidence": 0.9184489250183105,
        "count": 7
    },
    "bprint": {
        "maximal confidence": 0.5014441609382629,
        "count": 1
    }
}