{
    "bprint": {
        "maximal confidence": 0.8842211961746216,
        "count": 6
    },
    "wprint": {
        "maximal confidence": 0.6888353824615479,
        "count": 1
    }
}