{
    "eng": {
        "maximal confidence": 0.8634553551673889,
        "count": 3
    },
    "bprint": {
        "maximal confidence": 0.9479564428329468,
        "count": 23
    }
}