{
    "eng": {
        "maximal confidence": 0.9583534002304077,
        "count": 10
    },
    "bprint": {
        "maximal confidence": 0.8080896139144897,
        "count": 4
    }
}