{
    "eng": {
        "maximal confidence": 0.7737125754356384,
        "count": 1
    },
    "bprint": {
        "maximal confidence": 0.9345853328704834,
        "count": 8
    }
}