{
    "eng": {
        "maximal confidence": 0.9570676684379578,
        "count": 16
    },
    "bprint": {
        "maximal confidence": 0.7817279696464539,
        "count": 2
    }
}