{
    "eng": {
        "maximal confidence": 0.8974938988685608,
        "count": 9
    },
    "bprint": {
        "maximal confidence": 0.6170747876167297,
        "count": 1
    }
}