{
    "bprint": {
        "maximal confidence": 0.632789134979248,
        "count": 1
    },
    "wprint": {
        "maximal confidence": 0.6807652115821838,
        "count": 1
    }
}