{
    "eng": {
        "maximal confidence": 0.9148939847946167,
        "count": 12
    },
    "bprint": {
        "maximal confidence": 0.6792622804641724,
        "count": 1
    }
}