{
    "bprint": {
        "maximal confidence": 0.5208825469017029,
        "count": 1
    },
    "wprint": {
        "maximal confidence": 0.6358790397644043,
        "count": 1
    }
}