{
    "eng": {
        "maximal confidence": 0.9466748833656311,
        "count": 12
    },
    "bprint": {
        "maximal confidence": 0.5797030329704285,
        "count": 1
    }
}