{
    "eng": {
        "maximal confidence": 0.7926217913627625,
        "count": 3
    },
    "bprint": {
        "maximal confidence": 0.5376898646354675,
        "count": 1
    }
}