{
    "eng": {
        "maximal confidence": 0.8345916867256165,
        "count": 1
    },
    "bprint": {
        "maximal confidence": 0.966650664806366,
        "count": 7
    },
    "wprint": {
        "maximal confidence": 0.6173951029777527,
        "count": 1
    }
}