{
    "eng": {
        "maximal confidence": 0.9049911499023438,
        "count": 2
    },
    "bprint": {
        "maximal confidence": 0.974913477897644,
        "count": 13
    },
    "wprint": {
        "maximal confidence": 0.6287944912910461,
        "count": 1
    }
}