{
    "eng": {
        "maximal confidence": 0.8848296403884888,
        "count": 5
    },
    "wprint": {
        "maximal confidence": 0.5992909669876099,
        "count": 1
    }
}