{
    "eng": {
        "maximal confidence": 0.947541356086731,
        "count": 12
    },
    "bprint": {
        "maximal confidence": 0.537018895149231,
        "count": 1
    }
}