{
    "eng": {
        "maximal confidence": 0.8544966578483582,
        "count": 3
    },
    "bprint": {
        "maximal confidence": 0.9416586756706238,
        "count": 22
    }
}