{
    "eng": {
        "maximal confidence": 0.8081152439117432,
        "count": 1
    },
    "bprint": {
        "maximal confidence": 0.9751169085502625,
        "count": 13
    }
}