{
    "eng": {
        "maximal confidence": 0.9489960670471191,
        "count": 9
    },
    "bprint": {
        "maximal confidence": 0.7143548130989075,
        "count": 5
    }
}