{
    "bprint": {
        "maximal confidence": 0.65256267786026,
        "count": 1
    },
    "wprint": {
        "maximal confidence": 0.7771385908126831,
        "count": 1
    }
}