{
    "eng": {
        "maximal confidence": 0.8441886305809021,
        "count": 2
    },
    "bprint": {
        "maximal confidence": 0.9152870774269104,
        "count": 8
    }
}