{
    "eng": {
        "maximal confidence": 0.8422508835792542,
        "count": 1
    },
    "bprint": {
        "maximal confidence": 0.9761860966682434,
        "count": 19
    }
}