{
    "eng": {
        "maximal confidence": 0.9605973958969116,
        "count": 6
    },
    "bprint": {
        "maximal confidence": 0.7628137469291687,
        "count": 1
    }
}