{
    "eng": {
        "maximal confidence": 0.925507664680481,
        "count": 6
    },
    "bprint": {
        "maximal confidence": 0.7651214003562927,
        "count": 1
    }
}