{
    "eng": {
        "maximal confidence": 0.8142208456993103,
        "count": 1
    },
    "bprint": {
        "maximal confidence": 0.9597198367118835,
        "count": 10
    }
}