{
    "eng": {
        "maximal confidence": 0.9437876343727112,
        "count": 4
    },
    "bprint": {
        "maximal confidence": 0.5751039385795593,
        "count": 1
    }
}