{
    "eng": {
        "maximal confidence": 0.7505930066108704,
        "count": 1
    },
    "wprint": {
        "maximal confidence": 0.856976330280304,
        "count": 2
    }
}