{
    "eng": {
        "maximal confidence": 0.9375282526016235,
        "count": 4
    },
    "bprint": {
        "maximal confidence": 0.7188817262649536,
        "count": 2
    }
}