{
    "eng": {
        "maximal confidence": 0.9299526214599609,
        "count": 6
    },
    "bprint": {
        "maximal confidence": 0.9207704067230225,
        "count": 4
    }
}