{
    "eng": {
        "maximal confidence": 0.8800003528594971,
        "count": 9
    },
    "bprint": {
        "maximal confidence": 0.7045801281929016,
        "count": 2
    }
}