{
    "eng": {
        "maximal confidence": 0.9674701690673828,
        "count": 5
    },
    "bprint": {
        "maximal confidence": 0.7652634382247925,
        "count": 1
    },
    "wprint": {
        "maximal confidence": 0.7882822751998901,
        "count": 1
    }
}