{
    "eng": {
        "maximal confidence": 0.8510650992393494,
        "count": 1
    },
    "bprint": {
        "maximal confidence": 0.8370814919471741,
        "count": 4
    }
}