{
    "eng": {
        "maximal confidence": 0.8998667001724243,
        "count": 4
    },
    "bprint": {
        "maximal confidence": 0.725805401802063,
        "count": 2
    }
}