{
    "eng": {
        "maximal confidence": 0.8470807075500488,
        "count": 1
    },
    "bprint": {
        "maximal confidence": 0.9905676245689392,
        "count": 13
    }
}