{
    "eng": {
        "maximal confidence": 0.7647917866706848,
        "count": 1
    },
    "bprint": {
        "maximal confidence": 0.9661704897880554,
        "count": 24
    },
    "wprint": {
        "maximal confidence": 0.5215596556663513,
        "count": 1
    }
}