{
    "eng": {
        "maximal confidence": 0.7724604606628418,
        "count": 1
    },
    "bprint": {
        "maximal confidence": 0.9737585783004761,
        "count": 26
    }
}