{
    "eng": {
        "maximal confidence": 0.7461473345756531,
        "count": 1
    },
    "bprint": {
        "maximal confidence": 0.9699233174324036,
        "count": 3
    },
    "wprint": {
        "maximal confidence": 0.5044189095497131,
        "count": 1
    }
}