{
    "eng": {
        "maximal confidence": 0.9749308228492737,
        "count": 18
    },
    "bprint": {
        "maximal confidence": 0.6262761354446411,
        "count": 1
    }
}