{
    "eng": {
        "maximal confidence": 0.8721471428871155,
        "count": 4
    },
    "bprint": {
        "maximal confidence": 0.5983898639678955,
        "count": 1
    }
}