{
    "eng": {
        "maximal confidence": 0.8504050374031067,
        "count": 2
    },
    "bprint": {
        "maximal confidence": 0.6396244764328003,
        "count": 1
    }
}