{
    "eng": {
        "maximal confidence": 0.731407880783081,
        "count": 1
    },
    "bprint": {
        "maximal confidence": 0.9023960828781128,
        "count": 10
    }
}