{
    "eng": {
        "maximal confidence": 0.9506115317344666,
        "count": 3
    },
    "bprint": {
        "maximal confidence": 0.6226108074188232,
        "count": 3
    },
    "wprint": {
        "maximal confidence": 0.7255761623382568,
        "count": 1
    }
}