{
    "eng": {
        "maximal confidence": 0.8053712248802185,
        "count": 2
    },
    "bprint": {
        "maximal confidence": 0.9016404747962952,
        "count": 9
    }
}