{
    "eng": {
        "maximal confidence": 0.8502481579780579,
        "count": 3
    },
    "bprint": {
        "maximal confidence": 0.9677469730377197,
        "count": 16
    }
}