{
    "eng": {
        "maximal confidence": 0.942722499370575,
        "count": 17
    },
    "bprint": {
        "maximal confidence": 0.5290769338607788,
        "count": 1
    }
}