{
    "eng": {
        "maximal confidence": 0.9050996899604797,
        "count": 20
    },
    "bprint": {
        "maximal confidence": 0.5648040771484375,
        "count": 1
    }
}