{
    "eng": {
        "maximal confidence": 0.837867021560669,
        "count": 3
    },
    "wprint": {
        "maximal confidence": 0.5645327568054199,
        "count": 2
    }
}