{
    "eng": {
        "maximal confidence": 0.7784597277641296,
        "count": 1
    },
    "wprint": {
        "maximal confidence": 0.5749871134757996,
        "count": 1
    }
}