{
    "eng": {
        "maximal confidence": 0.755551815032959,
        "count": 1
    },
    "bprint": {
        "maximal confidence": 0.9492311477661133,
        "count": 10
    }
}