{
    "eng": {
        "maximal confidence": 0.9367382526397705,
        "count": 3
    },
    "bprint": {
        "maximal confidence": 0.9682273864746094,
        "count": 18
    }
}