{
    "eng": {
        "maximal confidence": 0.7694701552391052,
        "count": 1
    },
    "bprint": {
        "maximal confidence": 0.9811376333236694,
        "count": 25
    }
}