{
    "eng": {
        "maximal confidence": 0.8995535969734192,
        "count": 3
    },
    "wprint": {
        "maximal confidence": 0.7790507674217224,
        "count": 1
    }
}