{
    "eng": {
        "maximal confidence": 0.8765466213226318,
        "count": 4
    },
    "bprint": {
        "maximal confidence": 0.9837775230407715,
        "count": 8
    }
}