{
    "bprint": {
        "maximal confidence": 0.7020270824432373,
        "count": 1
    },
    "wprint": {
        "maximal confidence": 0.8749208450317383,
        "count": 2
    }
}