{
    "bprint": {
        "maximal confidence": 0.5318353772163391,
        "count": 1
    },
    "wprint": {
        "maximal confidence": 0.6719673871994019,
        "count": 3
    }
}