{
    "eng": {
        "maximal confidence": 0.8571124076843262,
        "count": 5
    },
    "bprint": {
        "maximal confidence": 0.9796667098999023,
        "count": 20
    }
}