{
    "eng": {
        "maximal confidence": 0.7803348302841187,
        "count": 2
    },
    "bprint": {
        "maximal confidence": 0.9582478404045105,
        "count": 21
    }
}