{
    "eng": {
        "maximal confidence": 0.8225390911102295,
        "count": 2
    },
    "bprint": {
        "maximal confidence": 0.8761975169181824,
        "count": 4
    }
}