{
    "bprint": {
        "maximal confidence": 0.6368048787117004,
        "count": 1
    },
    "wprint": {
        "maximal confidence": 0.758539617061615,
        "count": 5
    }
}