{
    "eng": {
        "maximal confidence": 0.9657254219055176,
        "count": 23
    },
    "wprint": {
        "maximal confidence": 0.652172327041626,
        "count": 1
    }
}