{
    "eng": {
        "maximal confidence": 0.9782868027687073,
        "count": 6
    },
    "wprint": {
        "maximal confidence": 0.6085842251777649,
        "count": 1
    }
}