{
    "eng": {
        "maximal confidence": 0.9775344133377075,
        "count": 19
    },
    "bprint": {
        "maximal confidence": 0.5153524279594421,
        "count": 1
    }
}