{
    "eng": {
        "maximal confidence": 0.9550209641456604,
        "count": 3
    },
    "bprint": {
        "maximal confidence": 0.8172186613082886,
        "count": 7
    },
    "wprint": {
        "maximal confidence": 0.7144049406051636,
        "count": 1
    }
}