{
    "eng": {
        "maximal confidence": 0.9711049199104309,
        "count": 34
    },
    "wprint": {
        "maximal confidence": 0.6134390830993652,
        "count": 1
    }
}