{
    "eng": {
        "maximal confidence": 0.7390700578689575,
        "count": 1
    },
    "bprint": {
        "maximal confidence": 0.9230250716209412,
        "count": 2
    }
}