{
    "eng": {
        "maximal confidence": 0.9517863392829895,
        "count": 12
    },
    "bprint": {
        "maximal confidence": 0.6404610276222229,
        "count": 1
    }
}