{
    "eng": {
        "maximal confidence": 0.9871014356613159,
        "count": 19
    },
    "bprint": {
        "maximal confidence": 0.5385816097259521,
        "count": 1
    }
}