{
    "eng": {
        "maximal confidence": 0.8291440010070801,
        "count": 1
    },
    "bprint": {
        "maximal confidence": 0.6373417973518372,
        "count": 2
    }
}