{
    "eng": {
        "maximal confidence": 0.9642417430877686,
        "count": 16
    },
    "wprint": {
        "maximal confidence": 0.6432132720947266,
        "count": 1
    }
}