{
    "eng": {
        "maximal confidence": 0.9636048674583435,
        "count": 35
    },
    "wprint": {
        "maximal confidence": 0.5404590964317322,
        "count": 1
    }
}