{
    "bprint": {
        "maximal confidence": 0.7957758903503418,
        "count": 1
    },
    "wprint": {
        "maximal confidence": 0.8794336318969727,
        "count": 5
    }
}