{
    "eng": {
        "maximal confidence": 0.9478446245193481,
        "count": 8
    },
    "bprint": {
        "maximal confidence": 0.6075229048728943,
        "count": 1
    }
}