{
    "eng": {
        "maximal confidence": 0.9720180630683899,
        "count": 20
    },
    "bprint": {
        "maximal confidence": 0.7000689506530762,
        "count": 2
    }
}