{
    "eng": {
        "maximal confidence": 0.8663250207901001,
        "count": 4
    },
    "bprint": {
        "maximal confidence": 0.7333081364631653,
        "count": 1
    },
    "wprint": {
        "maximal confidence": 0.5815176367759705,
        "count": 1
    }
}