{
    "eng": {
        "maximal confidence": 0.7971585392951965,
        "count": 1
    },
    "wprint": {
        "maximal confidence": 0.9085065722465515,
        "count": 7
    }
}