{
    "eng": {
        "maximal confidence": 0.936968207359314,
        "count": 7
    },
    "bprint": {
        "maximal confidence": 0.5873437523841858,
        "count": 1
    }
}