{
    "eng": {
        "maximal confidence": 0.9390419125556946,
        "count": 10
    },
    "bprint": {
        "maximal confidence": 0.7411825656890869,
        "count": 1
    }
}