{
    "eng": {
        "maximal confidence": 0.8866692781448364,
        "count": 10
    },
    "bprint": {
        "maximal confidence": 0.5234931707382202,
        "count": 1
    },
    "wprint": {
        "maximal confidence": 0.6565373539924622,
        "count": 1
    }
}