{
    "eng": {
        "maximal confidence": 0.9789019227027893,
        "count": 21
    },
    "wprint": {
        "maximal confidence": 0.5063823461532593,
        "count": 1
    }
}