{
    "bprint": {
        "maximal confidence": 0.7785942554473877,
        "count": 2
    },
    "wprint": {
        "maximal confidence": 0.7773883938789368,
        "count": 8
    }
}