{
    "eng": {
        "maximal confidence": 0.9497421383857727,
        "count": 17
    },
    "bprint": {
        "maximal confidence": 0.5105976462364197,
        "count": 1
    }
}