{
    "eng": {
        "maximal confidence": 0.7647311091423035,
        "count": 1
    },
    "wprint": {
        "maximal confidence": 0.654793381690979,
        "count": 2
    }
}