{
    "eng": {
        "maximal confidence": 0.989851713180542,
        "count": 20
    },
    "bprint": {
        "maximal confidence": 0.6799452304840088,
        "count": 1
    }
}