{
    "eng": {
        "maximal confidence": 0.874309778213501,
        "count": 1
    },
    "bprint": {
        "maximal confidence": 0.9348645806312561,
        "count": 5
    }
}