{
    "eng": {
        "maximal confidence": 0.8595234155654907,
        "count": 8
    },
    "wprint": {
        "maximal confidence": 0.8448686599731445,
        "count": 1
    }
}