{
    "eng": {
        "maximal confidence": 0.7348430752754211,
        "count": 1
    },
    "bprint": {
        "maximal confidence": 0.7105055451393127,
        "count": 3
    }
}