{
    "eng": {
        "maximal confidence": 0.9683521389961243,
        "count": 6
    },
    "bprint": {
        "maximal confidence": 0.6876105070114136,
        "count": 1
    }
}