{
    "eng": {
        "maximal confidence": 0.8895822763442993,
        "count": 3
    },
    "bprint": {
        "maximal confidence": 0.9140837788581848,
        "count": 16
    }
}