{
    "eng": {
        "maximal confidence": 0.8811166882514954,
        "count": 1
    },
    "bprint": {
        "maximal confidence": 0.8981530070304871,
        "count": 3
    }
}