{
    "eng": {
        "maximal confidence": 0.8161107301712036,
        "count": 2
    },
    "bprint": {
        "maximal confidence": 0.9779801368713379,
        "count": 11
    }
}