{
    "eng": {
        "maximal confidence": 0.976836621761322,
        "count": 17
    },
    "bprint": {
        "maximal confidence": 0.619698166847229,
        "count": 1
    }
}