{
    "eng": {
        "maximal confidence": 0.712226390838623,
        "count": 1
    },
    "bprint": {
        "maximal confidence": 0.9642016291618347,
        "count": 26
    }
}