{
    "eng": {
        "maximal confidence": 0.8183215856552124,
        "count": 2
    },
    "bprint": {
        "maximal confidence": 0.9653370380401611,
        "count": 15
    }
}