{
    "bprint": {
        "maximal confidence": 0.9476401209831238,
        "count": 6
    },
    "wprint": {
        "maximal confidence": 0.5528692007064819,
        "count": 1
    }
}