{
    "eng": {
        "maximal confidence": 0.9342163801193237,
        "count": 5
    },
    "bprint": {
        "maximal confidence": 0.9655911922454834,
        "count": 8
    }
}