{
    "bprint": {
        "maximal confidence": 0.9814109206199646,
        "count": 35
    },
    "wprint": {
        "maximal confidence": 0.5234779715538025,
        "count": 1
    }
}