{
    "eng": {
        "maximal confidence": 0.8621687293052673,
        "count": 8
    },
    "bprint": {
        "maximal confidence": 0.8643385767936707,
        "count": 2
    }
}