{
    "eng": {
        "maximal confidence": 0.9594791531562805,
        "count": 3
    },
    "bprint": {
        "maximal confidence": 0.8968276381492615,
        "count": 5
    }
}