{
    "eng": {
        "maximal confidence": 0.9770728349685669,
        "count": 18
    },
    "bprint": {
        "maximal confidence": 0.8540547490119934,
        "count": 1
    }
}