{
    "eng": {
        "maximal confidence": 0.9267263412475586,
        "count": 14
    },
    "wprint": {
        "maximal confidence": 0.5294930338859558,
        "count": 1
    }
}