{
    "eng": {
        "maximal confidence": 0.9212566018104553,
        "count": 4
    },
    "bprint": {
        "maximal confidence": 0.8778383135795593,
        "count": 1
    },
    "wprint": {
        "maximal confidence": 0.7351316213607788,
        "count": 1
    }
}